{"cameraMode":{"drawMode":0,"name":"Shaded","section":"Shading Mode"},"sceneLighting":false,"audioPlay":false,"sceneViewState":{"showFog":true,"showMaterialUpdate":false,"showSkybox":false,"showFlares":true,"showImageEffects":true,"showParticleSystems":true},"in2DMode":false,"pivot":{"x":-14.8100004196167,"y":14.15999984741211,"z":9.640000343322754},"rotation":{"x":-0.0005736099556088448,"y":-0.3384816348552704,"z":0.0002064064610749483,"w":-0.9409726858139038},"size":14.757073402404786,"orthographic":false}