{"cameraMode":{"drawMode":0,"name":"Shaded","section":"Shading Mode"},"sceneLighting":false,"audioPlay":false,"sceneViewState":{"showFog":true,"showMaterialUpdate":false,"showSkybox":false,"showFlares":true,"showImageEffects":true,"showParticleSystems":true},"in2DMode":false,"pivot":{"x":-9.100000381469727,"y":4.880000114440918,"z":11.300000190734864},"rotation":{"x":-0.0005736099556088448,"y":-0.3384816348552704,"z":0.0002064064610749483,"w":-0.9409726858139038},"size":14.757073402404786,"orthographic":false}