{"cameraMode":{"drawMode":0,"name":"Shaded","section":"Shading Mode"},"sceneLighting":false,"audioPlay":false,"sceneViewState":{"showFog":true,"showMaterialUpdate":false,"showSkybox":false,"showFlares":true,"showImageEffects":true,"showParticleSystems":true},"in2DMode":false,"pivot":{"x":-2.602782726287842,"y":2.890000581741333,"z":12.848230361938477},"rotation":{"x":-0.0005736099556088448,"y":-0.3384816348552704,"z":0.0002064064610749483,"w":-0.9409726858139038},"size":7.661904811859131,"orthographic":false}