{"cameraMode":{"drawMode":0,"name":"Shaded","section":"Shading Mode"},"sceneLighting":false,"audioPlay":false,"sceneViewState":{"showFog":true,"showMaterialUpdate":false,"showSkybox":false,"showFlares":true,"showImageEffects":true,"showParticleSystems":true},"in2DMode":false,"pivot":{"x":-18.440000534057618,"y":4.119999885559082,"z":9.600000381469727},"rotation":{"x":-0.0005736099556088448,"y":-0.3384816348552704,"z":0.0002064064610749483,"w":-0.9409726858139038},"size":0.000016797937860246748,"orthographic":false}