{"cameraMode":{"drawMode":0,"name":"Shaded","section":"Shading Mode"},"sceneLighting":false,"audioPlay":false,"sceneViewState":{"showFog":true,"showMaterialUpdate":false,"showSkybox":false,"showFlares":true,"showImageEffects":true,"showParticleSystems":true},"in2DMode":false,"pivot":{"x":-22.202999114990236,"y":2.672307014465332,"z":4.138256072998047},"rotation":{"x":-0.0005736099556088448,"y":-0.3384816348552704,"z":0.0002064064610749483,"w":-0.9409726858139038},"size":0.5787762999534607,"orthographic":false}